image,mean_r,mean_g,mean_b,mean_l,mean_a,mean_b_lab,yellow_index,rg_ratio,rb_ratio,bg_ratio,yellow_ratio,label
AJ10_20240808_152222.jpg,159.10739818459314,140.15527351594505,135.1179211181621,149.3656518595871,134.26454601440545,133.27549736257262,133.27549736257262,1.1352223363273564,1.1775447378879316,0.9640587668556856,0.8922767370612291,1
AJ10_20240808_152224.jpg,170.08246876984967,151.8556796527631,142.1481844166843,160.7652180817277,133.16755769637942,135.52522231632437,135.52522231632437,1.120027041719726,1.1965152300135282,0.9360741975910919,0.8430008871970488,1
AJ10_20240808_152234.jpg,166.43651456358367,143.26182523699592,138.02134191266762,153.63689277469425,135.74610737266073,134.11434746303846,134.11434746303846,1.1617645742435965,1.2058752005397861,0.9634202322978974,0.8729306104021782,1
AJ10_20240808_152235.jpg,143.92797872962075,125.05747092853386,118.272161514638,133.52527318412902,133.88999590954245,134.236895927073,134.236895927073,1.1508946767440713,1.2169218493135057,0.9457424629711575,1.0053294909693475,1
AJ10_20240808_152246.jpg,139.70610044865404,121.40462986041874,117.29583125623131,130.1094217347956,134.0983923230309,132.71734795613162,132.71734795613162,1.1507477059032194,1.1910576681315308,0.9661561542169558,1.0200440918614464,1
AJ11_20240808_152529.jpg,167.49872100771694,138.19700780292771,128.35525891532856,149.94643279379204,137.4642204595774,137.3442531329937,137.3442531329937,1.2120285558899049,1.304961877824173,0.9287846388800374,0.9159554492764465,1
AJ11_20240808_152533.jpg,166.91287359613773,131.69289937196982,112.14164433443119,144.57095513777796,138.55753533948408,143.44708794468426,143.44708794468426,1.2674401818525391,1.4884111348497395,0.8515390276748738,0.992226182747089,1
AJ11_20240808_152534.jpg,167.65388860109462,136.1975044482984,118.29660577940945,147.98930156084597,137.18027433050293,141.87661884276673,141.87661884276673,1.2309615220136123,1.4172332847528155,0.868566611334271,0.9586950974678322,1
AJ11_20240808_152541.jpg,171.9767740456265,142.42042875157628,126.83141121173908,153.80999656081624,136.68059153960795,140.314822882036,140.314822882036,1.207528823958791,1.3559477975260528,0.8905422588105576,0.9122607444718002,1
AJ12_20240809_1010028.jpg,161.30309002763806,134.54977119296814,118.70719496171446,144.81267273798196,135.59439989126003,139.996579221603,139.996579221603,1.1988358463833066,1.3588316084870007,0.8822548936869798,0.966742589636229,1
AJ12_20240809_101004.jpg,152.2898084433699,126.65127394457876,111.22771061930445,136.9227822205691,135.5868328063976,139.90803421982517,139.90803421982517,1.202434073482563,1.369171461196715,0.878220220585829,1.0218024417050238,1
AJ12_20240809_101010.jpg,165.03465888361913,133.64820219708946,113.69751509992298,145.3075722566784,137.18472576918398,143.12424500385097,143.12424500385097,1.2348438283172758,1.4515238726814272,0.8507223619928101,0.9849744359230974,1
AJ13_20240812_101101.jpg,168.7637481043978,141.49634182031022,130.04368531673185,152.07449384095565,136.16926064862852,137.59337004815495,137.59337004815495,1.1927074915195168,1.2977465718201815,0.9190603991926323,0.9047761111556181,1
AJ13_20240812_101105.jpg,178.560100896581,140.19355160960015,116.96293798856172,153.1605604255638,139.0229514747384,145.43665243125795,145.43665243125795,1.2736684217841383,1.5266382876548878,0.8342961271141391,0.9495698571328385,1
AJ13_20240812_101109.jpg,173.0693647968712,135.91587019093447,114.2511809812581,149.0194230219937,138.8744973963483,144.57853800013183,144.57853800013183,1.2733565497567503,1.514814654830107,0.8406022047326479,0.9701992807245957,1
AJ14_20240812_101530.jpg,164.90115397296407,138.2558303110232,125.52087042532146,148.84490603363008,135.9039235080778,138.24833498186615,138.24833498186615,1.1927247654531041,1.3137349358753605,0.9078884357719935,0.9288079635175577,1
AJ14_20240812_101534.jpg,182.91560989191788,152.95509656516566,130.41268635937936,164.14053205761005,135.77482471460755,143.7676108031488,143.7676108031488,1.1958778282233302,1.4025906036876288,0.8526207261828445,0.8758812227854119,1
AJ14_20240812_101535.jpg,181.0349256481116,152.00979076194236,129.6503750493486,162.70556652191078,135.3912093696539,143.4849059086722,143.4849059086722,1.1909425277788985,1.3963316664751098,0.8529080498471434,0.8818684455241507,1
AJ14_20240812_101543.jpg,177.68309218091224,143.94562092755845,120.4330682253737,155.98069183595248,137.17247987734766,144.90171042545037,144.90171042545037,1.2343764944121218,1.4753679643288264,0.8366566944702383,0.9289720912949524,1
AJ15_20240813_150029.jpg,159.9592243875143,135.90703841568742,120.33362528282608,145.5126876383719,134.5759676909228,139.2805391333966,139.2805391333966,1.1769752698258733,1.3292977975379403,0.8854112767093082,0.9571710923405213,1
AJ15_20240813_150031.jpg,168.46423807329435,144.895297227814,127.0163469234314,154.42555358831947,134.0098712134074,140.27840702384128,140.27840702384128,1.1626618678021126,1.3263193346957887,0.876607788361275,0.9083885591203293,1
AJ15_20240813_150035.jpg,164.0304784645882,141.06676878716885,129.05059470174805,150.7523202378807,134.47089565687511,137.21298882681563,137.21298882681563,1.1627860956344667,1.2710555698920059,0.9148192369928799,0.9101882325931117,1
AJ15_20240813_150036.jpg,164.9544123076923,140.82808615384616,123.42168615384615,150.4720246153846,134.2847753846154,140.17464615384614,140.17464615384614,1.1713175662713475,1.3365107552133466,0.8763996490204077,0.9315661537789145,1
AJ16_20240812_102443.jpg,181.57253045630392,147.21873272941346,114.90350097316,159.32635701756493,136.55241848283154,149.72018646226303,149.72018646226303,1.2333520731813412,1.5802175507123966,0.7804951045452645,0.9397075808747045,1
AJ16_20240812_102451.jpg,154.11980497862928,125.18075989604587,95.35402392663073,135.32212891170343,134.96406709766103,147.6014948774673,147.6014948774673,1.2311780490503275,1.616290503701499,0.7617306624762873,1.0907417358400733,1
AJ16_20240812_102452.jpg,151.4924326752202,121.45368797234752,93.67568887066221,132.11451559357118,135.75743550686428,146.86439353994572,146.86439353994572,1.247326729694574,1.6172011424136337,0.7712873084652885,1.1116446347205746,1
AJ16_20240812_102456.jpg,156.2733990598306,126.35549011358856,98.2200984068336,137.35896544786084,136.02568089114888,147.18625962576138,147.18625962576138,1.2367756848758322,1.5910531551443126,0.7773314601621677,1.0715446063117462,1
AJ17_20240813_150242.jpg,156.48135227477073,141.2220104297788,130.34220463945334,149.09325660852366,131.81449379607983,135.71648983995684,135.71648983995684,1.1080521420882004,1.2005424605719985,0.9229595536830649,0.9102791904668794,1
AJ17_20240813_150244.jpg,149.27388850381226,135.48942964649964,122.67318546390732,142.9764085553025,131.13865234181603,136.82743340924844,136.82743340924844,1.1017382521392176,1.2168420239718103,0.9054077862646666,0.956993072037694,1
AJ17_20240813_150248.jpg,155.76715257531583,145.6847147022074,134.3979453005692,152.1912814105234,129.89107316395945,135.3030126336249,135.3030126336249,1.0692072385528613,1.158999500088761,0.9225260498520012,0.88903260745682,1
AJ18_20240813_150557.jpg,173.5270493585562,132.94398782343987,105.05105457708197,146.81798217003697,139.69878234398783,148.60752337464666,148.60752337464666,1.3052643515083173,1.651835370956644,0.7901903313326794,1.0121888352228428,1
AJ18_20240813_150602.jpg,173.95375558084567,132.01483848376083,108.06261489976363,146.41125361113544,140.7100805392629,146.81180513000086,146.81180513000086,1.3176833472743323,1.6097496264776816,0.8185641502299175,1.002735790495951,1
AJ18_20240813_150607.jpg,173.33563634737502,136.21612557016368,111.14377068240766,149.46985958322153,138.75212413916466,146.74398533226008,146.74398533226008,1.2725045169897076,1.559562301364759,0.8159369487368188,0.981763044132608,1
AJ19_20240813_150932.jpg,165.206860494192,140.42922415948718,118.39028437634971,150.01573049032757,133.91227751130913,142.85988043008797,142.85988043008797,1.1764421565850312,1.395442708572055,0.8430601553337094,0.952299328949371,1
AJ19_20240813_150933.jpg,159.36420263141167,135.11224814085045,110.47496768999343,144.4342676751626,133.52638827093796,144.27890421407233,144.27890421407233,1.1794948544249255,1.442536753086643,0.8176532356798132,0.9989243241059386,1
AJ19_20240813_150938.jpg,152.2971399346945,129.26137928321336,107.52352570911523,138.5007868130139,133.62368700578307,142.80860773437192,142.80860773437192,1.1782106890782809,1.4164075955832989,0.8318302456118741,1.031103216013283,1
AJ1_20240805_104118.jpg,155.80811256671518,127.86165938864629,108.41969917515769,138.5834449296458,135.82286268801553,142.37723435225618,142.37723435225618,1.2185678810452116,1.4370830422423142,0.8479453406565102,1.027375480506787,1
AJ1_20240805_104121.jpg,161.70218602657522,137.72321045863694,119.12897556793828,147.73294042006,134.46825975139305,141.38281183026146,141.38281183026146,1.1741098999505977,1.3573707311617655,0.8649883654776439,0.9570161567978076,1
AJ1_20240805_104123.jpg,161.4736142952028,140.59882587363143,115.89509995072098,149.34386047607825,132.20326527114176,143.85544104728643,143.85544104728643,1.1484705661188297,1.3932738568808183,0.8242963510277801,0.9632497755545785,1
AJ20_20240813_151213.jpg,150.35257144675705,116.24231430208134,98.05644134682706,128.48922729297945,138.72732480427726,142.96171472216918,142.96171472216918,1.2934409561271443,1.533326804932998,0.8435520325967848,1.1126357954006056,1
AJ20_20240813_151219.jpg,147.48392806792194,116.51088693254802,98.99404743256368,127.88605532754785,137.58731476550017,142.13076850778532,142.13076850778532,1.265838160578651,1.4898262107988274,0.8496549051267602,1.1113859680194784,1
AJ21_20240814_150024.jpg,161.36260281743407,133.46319844946584,99.77453436702278,143.41372790016072,134.11555734140114,149.24669093315686,149.24669093315686,1.2090419192935054,1.61727240546757,0.747580867074906,1.040672270902717,1
AJ21_20240814_150025.jpg,155.7134938682693,130.8445342321124,101.08545845853976,140.28892227726791,133.39476569479413,146.90934378299357,146.90934378299357,1.1900649392199718,1.5404143652543345,0.7725615615449177,1.0471913273768665,1
AJ21_20240814_150026.jpg,158.40664269092449,131.31751639517665,98.42096467103872,141.3049502855934,134.0375713983499,148.87520626189973,148.87520626189973,1.2062872176773487,1.6094806793542478,0.7494884659969497,1.053573883345432,1
AJ21_20240814_150030.jpg,168.3159217657686,138.24873667949623,101.39598879375802,148.37514727829708,134.3174665514623,150.96583143507974,150.96583143507974,1.2174861383253819,1.659985982760535,0.7334315704843947,1.0174603576599195,1
AJ22_20240814_150338.jpg,135.79647451635077,120.01373203705522,107.94885266293495,127.6005761236047,132.2220858293234,136.6321156175325,136.6321156175325,1.1315077956488737,1.2579705101859504,0.8994708349719016,1.0707797621101596,1
AJ22_20240814_150349.jpg,156.56465880370683,133.37541165658268,120.07126445584744,143.53815960787318,134.76296239564985,138.37535421612927,138.37535421612927,1.17386447535748,1.3039311129878841,0.900250368971746,0.9640318200408879,1
AJ22_20240814_150401.jpg,136.16192966977565,115.18048903453492,105.91038568187547,124.26085518023696,134.67645576002016,136.08558104360978,136.08558104360978,1.1821614027597018,1.2856333919237513,0.9195167137257364,1.0951604972544322,1
AJ23_20240814_150538.jpg,159.5074110771844,133.5864153843043,113.0116474228055,143.8585727862819,134.90277637352636,142.64982913068974,142.64982913068974,1.19403915004584,1.4114245151121623,0.8459815786785622,0.9915976877583403,1
AJ23_20240814_150543.jpg,153.2386781735872,123.19186490106648,106.68988962172976,134.77481815561472,137.30953390189728,141.40221095644213,141.40221095644213,1.2439025665594745,1.4362998900889,0.8660465432629358,1.049173813345468,1
AJ23_20240814_150544.jpg,166.78071246713998,133.97791393264475,115.74780070791331,146.2540415226346,137.8689946389021,142.41601291631306,142.41601291631306,1.2448373491331486,1.4408974512363262,0.8639319455456794,0.9737577878865977,1
AJ24_20240816_095940.jpg,158.44999686500722,137.1563107404853,126.65249649925805,147.1139674378749,134.55656571989886,136.7781679102138,136.7781679102138,1.1552512228880278,1.2510609738740877,0.923417193799279,0.9297429017964,1
AJ24_20240816_095943.jpg,152.29627340162486,141.85985517484988,130.52059784528436,148.59965559872836,129.9623807841752,135.35972271282233,135.35972271282233,1.0735685028040034,1.1668370720713044,0.9200671801359415,0.9109019886791627,1
AJ24_20240816_095944.jpg,152.41027230368059,139.02054033257812,126.63008164835635,146.7571282007438,131.05478134484676,136.48390544179884,136.48390544179884,1.0963147664564927,1.2035866131977042,0.9108731733781691,0.9299984687974334,1
AJ24_20240816_095949.jpg,135.00553035988125,119.2066299063591,104.33477438089334,126.35276844268981,131.64166856993702,138.1603967503018,138.1603967503018,1.13253373015745,1.2939648345148458,0.8752430430053164,1.0934496913656302,1
AJ25_20240816_100016.jpg,174.56560604448228,155.2619985101628,142.24694051292965,164.07779078429286,132.98901245078216,137.35907736511652,137.35907736511652,1.1243292408652508,1.2272011207257838,0.9161735708782931,0.8371582520180277,1
AJ25_20240816_100017.jpg,160.1944296119097,139.2137807300455,122.82904376428372,148.40413080159763,133.3116683397766,139.56652213844808,139.56652213844808,1.1507081240171217,1.304206427065621,0.8823052016679354,0.940449032275162,1
AJ25_20240816_100022.jpg,165.9034572589191,145.6543403391028,126.90175732956553,154.68451960438009,132.59404803956198,140.6250220770046,140.6250220770046,1.1390217121827744,1.307337734659796,0.8712528316208664,0.9091085619140007,1
AJ25_20240816_100023.jpg,163.76107244723332,144.47863091842555,127.91027952082145,153.33275527666856,132.5395550484883,139.35461494580719,139.35461494580719,1.1334622308695093,1.2802807700869363,0.8853231638644059,0.9088378656310092,1
AJ26_20240817_090735.jpg,165.1514299321888,143.4317011770576,117.66064908262082,152.22273376726466,132.22790465606786,144.19653913319576,144.19653913319576,1.151429059444052,1.4036249996597856,0.8203252648942003,0.947273344902519,1
AJ26_20240817_090738.jpg,170.23151546932354,145.79611002526576,117.86387471993136,155.16923296944273,133.00395671449684,145.74758068360586,145.74758068360586,1.1675998370067857,1.4443061067653027,0.808415765627014,0.939281434567807,1
AJ26_20240817_090739.jpg,172.1227487160419,146.0726917803444,115.71418279844764,155.73272756849713,133.31856103739165,147.2602309962585,147.2602309962585,1.1783362477945831,1.4874818545654471,0.7921684785564396,0.9455959087719182,1
AJ26_20240817_090744.jpg,167.5165107678921,142.54117902980204,114.04759625842941,152.21611920817924,133.31846856645637,146.22571242114424,146.22571242114424,1.1752148448109403,1.4688298113664182,0.8001027929934684,0.9606453785654097,1
AJ27_20240817_091414.jpg,158.35530463318796,129.11272075650936,113.99745239431755,140.81048404507968,137.17105660866187,140.64197504210026,140.64197504210026,1.2264887803374365,1.38911265048559,0.8829296667550907,0.9988032851181112,1
AJ27_20240817_091415.jpg,167.5673907354096,140.40753253550952,124.23706312007803,151.6836620589565,136.15526635102663,140.81251933097,140.81251933097,1.193435897034907,1.3487713342408976,0.8848318889431819,0.9283301608838317,1
AJ27_20240817_091416.jpg,155.82228095305345,124.94641596223293,109.19541227026046,136.8968668670688,137.68000887687373,141.16658260536244,141.16658260536244,1.2471128403798346,1.4270039032444588,0.8739379241524512,1.0311892799654092,1
AJ27_20240817_091420.jpg,156.48419829589466,129.47331525948877,117.20069713400464,140.37062354763748,136.6820487993803,138.66032145623547,138.66032145623547,1.208621226494817,1.3351814518798697,0.9052112089190061,0.9878158047888318,1
AJ28_20240817_091650.jpg,176.58377564762733,139.56064327022102,114.9059653014339,152.5747445139824,138.49520716153054,146.1577807705511,146.1577807705511,1.2652834656289,1.5367676834499042,0.8233407484057605,0.9579421566667911,1
AJ28_20240817_091655.jpg,177.22577713143065,133.8500272677695,96.89243514166256,147.91702807281794,139.83553639597994,153.53304593969926,153.53304593969926,1.3240623063365153,1.8290981648176945,0.7238880439220187,1.0379673449506386,1
AJ28_20240817_091656.jpg,164.27230343353892,121.92671555533971,90.07974357729105,135.67658200184547,140.10305473265018,150.86137147297362,150.86137147297362,1.3473035941140885,1.823631985241571,0.7388023406371806,1.111919007209384,1
AJ28_20240817_091702.jpg,168.5858279356558,124.1061445994048,89.6265779696952,139.10038707669565,140.86829666802825,152.8270020034623,152.8270020034623,1.3584003203179353,1.8809802836796718,0.7221767909785528,1.0986813488916956,1
AJ29_20240817_091534.jpg,168.2352784557355,154.78415797648103,141.5529620590193,161.37301974706014,130.73760816507655,136.24171289105834,136.24171289105834,1.0869024296039127,1.1884970460532942,0.9145184041767985,0.8442657407064765,1
AJ29_20240817_091535.jpg,163.55951336353073,148.82604880593829,125.49218583252306,156.375601773899,129.80883155073872,141.69841345127708,141.69841345127708,1.0989978809274596,1.3033441960957364,0.8432138459373113,0.9061414372685525,1
AJ29_20240817_091538.jpg,159.0566168541057,139.71706978893852,115.17447234632569,147.50706105890208,131.43370307605403,142.96189595850666,142.96189595850666,1.1384193495895871,1.3810058099925313,0.8243407315653809,0.9691867898597257,1
AJ29_20240817_091539.jpg,171.23514292170375,148.29722630211276,119.17653372500283,156.7813806349565,132.14633939667834,145.77070387526834,145.77070387526834,1.1546752831248936,1.4368192808829776,0.8036329194625809,0.9297705017976882,1
AJ29_20240817_091542.jpg,170.7312301630732,148.37662799605997,119.34294626244939,156.9754295720696,132.0242968151472,145.72198205100142,145.72198205100142,1.150661201283976,1.4305933788245975,0.8043244213724418,0.9283107650665015,1
AJ2_20240805_160435.jpg,166.64883295098184,135.53823164186645,115.59074358596595,147.04544019531497,136.8219013743607,142.93424957380086,142.93424957380086,1.2295337610851038,1.4417143305711946,0.8528275847553076,0.972041352740386,1
AJ2_20240805_160437.jpg,174.5253511554146,140.15156320797462,123.37741277752605,152.77177163570457,138.38652016311735,141.6254191209787,141.6254191209787,1.2452615291287923,1.4145648365601051,0.880314204659486,0.927039181895826,1
AJ2_20240805_160450.jpg,149.1374969482422,116.35791015625,97.58566284179688,128.2015380859375,138.1614532470703,143.03675842285156,143.03675842285156,1.2817134259824798,1.5282726076447017,0.838668053354404,1.1157179503669574,1
AJ2_20240805_160552.jpg,161.52474487218348,135.35194503384864,113.25532989794887,145.58332828129736,134.657876124078,143.29602909972718,143.29602909972718,1.1933684709031784,1.4261999288821892,0.8367469638716988,0.9842887218415604,1
AJ30_20240819_093746.jpg,170.71234559628314,138.08820835846234,104.58381916057986,149.3269673211374,135.74721347360898,149.87681207978736,149.87681207978736,1.2362557700573262,1.632301682365096,0.7573696526768,1.003682146398817,1
AJ30_20240819_093757.jpg,163.9667639891994,142.8240072004039,108.97036419116195,151.26628323052267,131.2074287094154,148.28871863543566,148.28871863543566,1.148033625825211,1.504691332377933,0.7629695144688831,0.9803157351935124,1
AJ30_20240819_093758.jpg,162.71425563719814,139.91972124555235,110.3622965660989,149.06328820767627,132.46440827841758,146.38271890856265,146.38271890856265,1.1629115111566795,1.474364517825884,0.7887543999867181,0.9820172336638902,1
AJ31_20240819_094111.jpg,174.69624249268517,143.8318104820081,127.56370309532365,155.4410707869206,137.07381551255068,140.90575432472664,140.90575432472664,1.2145869588421188,1.3694823596698096,0.8868949210952582,0.9064898530671543,1
AJ31_20240819_094112.jpg,161.1697733990148,132.90210837438423,114.67905418719212,143.90675862068966,136.02863054187193,141.76124137931035,141.76124137931035,1.2126953752479637,1.40539851096554,0.8628836271073931,0.9850909140958043,1
AJ32_20240819_095315.jpg,172.33112377006734,132.71772138788194,111.8965924391507,147.00331434489902,140.29657172449507,144.91635422061108,144.91635422061108,1.2984786106139687,1.5400926737218403,0.8431171845469196,0.9858033057323128,1
AJ32_20240819_095316.jpg,165.1778119345487,128.28803237543048,109.91423623946923,141.87448683775318,139.63567912524078,143.28783781154542,143.28783781154542,1.2875543227883273,1.5027881381251567,0.8567769989723752,1.0099619741035368,1
AJ32_20240819_095320.jpg,166.85513707611304,123.30140606402936,98.66434003752194,138.33307780758912,141.4938774686813,147.6427951826673,147.6427951826673,1.3532297890928902,1.6911392233660003,0.8001882734905563,1.0672992783456174,1
AJ33_20240821_103909.jpg,166.8399955306014,147.24743707924802,131.0293024944831,155.43375513282493,132.6092069610883,138.86105757144054,138.86105757144054,1.133058732341467,1.2733029259949178,0.8898579439050316,0.8933777386990359,1
AJ33_20240821_103913.jpg,163.99391293180943,143.2069346346475,126.09197380249134,151.87854115834082,133.07938872479775,139.56810068062154,139.56810068062154,1.1451534257404552,1.3005896147529385,0.8804878984644976,0.9189454856309784,1
AJ33_20240821_103914.jpg,165.67762087926272,145.131811962723,128.11939489377082,153.7784547073857,132.96370395229368,139.44045744378758,139.44045744378758,1.1415665352558981,1.2931501879436975,0.8827795386713607,0.9067619830252367,1
AJ33_20240821_103917.jpg,169.6413228020964,142.48337885386678,121.86904849782239,152.71656701360695,135.0502448266529,142.40545262173666,142.40545262173666,1.1906042864513968,1.391996766210338,0.8553211513006866,0.932482012096084,1
AJ34_20240821_104111.jpg,177.76000678426053,134.451980156038,112.93548592265942,149.7236473880597,141.61753731343285,145.86162228629578,145.86162228629578,1.3221077536816768,1.5739960186827218,0.8399689238613179,0.9742056372300375,1
AJ34_20240821_104117.jpg,167.3291900056643,143.14588709169865,109.5045314368431,151.22993895147587,132.2318585184719,148.37293095852476,148.37293095852476,1.1689416457318977,1.5280572071495913,0.7649855185969083,0.981108178751722,1
AJ34_20240821_104121.jpg,166.6227766747856,132.8113883373928,101.6739873508402,144.839511226641,136.8370550791084,149.24811183658431,149.24811183658431,1.2545819865757046,1.6387945371025536,0.7655517185544123,1.0304378241970662,1
AJ35_20240823_154529.jpg,123.68755034458069,92.86400250604134,81.85549986574779,104.37214714042781,138.1976640114562,138.4839792356574,138.4839792356574,1.3319213653817337,1.5110475048884273,0.881455642394554,1.3268288686492657,1
AJ35_20240823_154530.jpg,158.69307962082016,129.85746032848363,109.9164207090524,139.9240945866176,136.08830167714157,142.2704607798882,142.2704607798882,1.222055921911139,1.4437613338694655,0.8464390076979177,1.0167688430175925,1
AJ35_20240823_154535.jpg,174.48643596209024,135.0752978001913,91.64666115989914,148.00069559168767,137.43696200330407,155.9063124945657,155.9063124945657,1.2917716082212594,1.9039038831295094,0.6784857185136899,1.0534160722546357,1
AJ36_20240823_154809.jpg,166.18533683210424,140.29851151427408,123.13066099624486,150.5876577840112,135.08598380310366,140.58813283264715,140.58813283264715,1.1845124645580003,1.3496665585796366,0.8776334031604037,0.933596643761449,1
AJ36_20240823_154811.jpg,165.18441574909653,137.7443624912822,120.6142401251136,148.67337320624722,135.90572098822832,140.99038400574847,140.99038400574847,1.1992099826251765,1.369526634734203,0.8756382988603902,0.948323025279291,1
AJ36_20240823_154815.jpg,165.70478830419816,140.62332901149014,125.36473375955649,150.94118567532524,134.94784727500334,139.36108999865874,139.36108999865874,1.1783591548476249,1.3217815091461882,0.8914931380825152,0.9232807364793327,1
AJ3_20240805_160743.jpg,159.86479051098183,142.498331303838,117.91674559148514,150.33996301808506,130.81008433680603,142.73625580661164,142.73625580661164,1.1218713084312784,1.3557428875206585,0.8274956182649249,0.9494232404461748,1
AJ3_20240805_160746.jpg,165.56174165145495,153.40913239557608,133.99554386341674,159.802507247933,129.38822076667026,139.32545903575647,139.32545903575647,1.0792169800251887,1.235576465025117,0.8734521921709834,0.8718602765583224,1
AJ3_20240805_160805.jpg,143.585547913801,124.75922971114167,102.05331499312243,132.7647317744154,131.88111875286566,142.20766620816138,142.20766620816138,1.1509011966116431,1.4069660208148211,0.8180021182513473,1.0711253149568776,1
AJ4_20240807_095108.jpg,171.60988203974847,147.39865516133474,130.31096525450957,157.6396015972828,134.44356726488272,140.36650296048103,140.36650296048103,1.164256761282229,1.3169258656602871,0.8840715963643393,0.8904266481759102,1
AJ4_20240807_095109.jpg,165.45729139379773,131.99586918411347,106.94079835573378,143.93344348842365,137.10738106272794,145.92002337437282,145.92002337437282,1.253503546459528,1.547185848531125,0.8101829110756888,1.0138020658993465,1
AJ4_20240807_095118.jpg,153.49922988752775,125.69829500680565,104.54480980012895,136.40112114048284,135.63088330109608,143.36709291496527,143.36709291496527,1.2211719232790306,1.4682625441925659,0.8317122277812629,1.051069746825895,1
AJ5_20240808_150549.jpg,161.72735749099385,139.33735961008688,127.85999152362788,149.20856113583386,134.5674507310871,137.17632973087518,137.17632973087518,1.1606891129763952,1.264878515154828,0.9176289185025073,0.9193596383965889,1
AJ5_20240808_150551.jpg,160.6626304023845,136.64228349064413,125.59165424739196,147.1956656731247,135.54725534028813,137.45678092399405,137.45678092399405,1.1757899906407452,1.2792460620565063,0.9191273017393908,0.9338371436520774,1
AJ5_20240808_150557.jpg,158.76859523809523,142.45135714285715,131.69814285714287,151.09842857142857,132.37669047619048,135.90766666666667,135.90766666666667,1.1145460268541236,1.2055492248267108,0.9245130729120151,0.8994644554026897,1
AJ5_20240808_150601.jpg,162.92576334645923,141.71295160630905,128.32612484668516,151.18879779657004,133.85103178189487,138.00497062810663,138.00497062810663,1.1496885806838082,1.2696227075467956,0.9055356090362914,0.9127989092220865,1
AJ5_20240808_150622.jpg,163.73565034228542,133.42200348361484,118.3223153886661,145.44201401547375,137.4296593348726,140.56365698545792,140.56365698545792,1.22720124747034,1.3838103862372442,0.886827595242709,0.9664583990431045,1
AJ6_20240808_150733.jpg,165.9660096417892,131.80689977827953,119.34964707796831,144.85765139032972,139.24834726714266,139.7848294379691,139.7848294379691,1.2591602462527423,1.3905865020512465,0.9054886077530468,0.9649806353433679,1
AJ6_20240808_150738.jpg,159.9107805844703,139.68387126164498,128.88647700612714,148.77673507505182,133.75637200191332,136.53461039108944,136.53461039108944,1.1448048940463065,1.2407102983826457,0.9227012032191304,0.9177147852081745,1
AJ6_20240808_150747.jpg,167.17293300671955,140.1365035845113,124.28141223003799,150.8440119558622,135.76897318920376,140.20423848798796,140.20423848798796,1.1929292335524435,1.345116125267193,0.886859655865673,0.9294650529418925,1
AJ7_20240808_151116.jpg,184.92315203032567,153.38110964332893,138.30905749238985,165.09706507380392,137.41456550456607,140.18580207914536,140.18580207914536,1.2056448884396485,1.3370284928987544,0.9017346198125564,0.8491114070826529,1
AJ7_20240808_151119.jpg,177.21954510408636,154.99874710871242,144.52235929067078,164.4934464148034,134.44117836031867,136.35543562066306,136.35543562066306,1.1433611385028013,1.226243086174716,0.9324098488157223,0.8289414427361069,1
AJ7_20240808_151122.jpg,158.05352085164566,139.5356480125012,126.399160074226,148.065729075105,132.6405166520168,137.2751733567731,137.2751733567731,1.1327106869835493,1.2504317236633486,0.905855678951991,0.9271231991841834,1
AJ7_20240808_151134.jpg,166.5871630467622,146.15683641612677,137.0084594984726,155.95370774446943,134.0202759407835,135.391050387727,135.391050387727,1.1397835776404204,1.2158896059460456,0.937407116359479,0.8681489621357169,1
AJ8_20240808_151246.jpg,154.79041750328878,138.23097694384822,113.3045535322763,145.81144268272982,130.34639617807935,143.0988483463731,143.0988483463731,1.1197954308488456,1.3661447074415238,0.8196755547682123,0.9813965538791384,1
AJ8_20240808_151258.jpg,168.53030233728217,144.81187394227692,120.00654073091525,154.16175730686547,133.13673786763025,144.0648813063166,144.0648813063166,1.1637878620414217,1.4043426292140753,0.8287064909473117,0.9345046585389186,1
AJ8_20240808_151300.jpg,175.45005052692363,146.34921322361774,120.6527597324479,157.0064000769934,135.1382272267937,145.3116067561715,145.3116067561715,1.19884518313054,1.4541735262568156,0.8244168605380666,0.9255139010855553,1
AJ8_20240808_151308.jpg,144.90935829501154,135.36476108219145,118.15639954247298,141.5026961413665,128.72980228296646,138.1537384159294,138.1537384159294,1.0705101982672918,1.2264198776343211,0.8728741344865675,0.9763328982903319,1
AJ9_20240808_152123.jpg,165.70159303261693,142.74111390305188,131.36322607401624,152.72906247712913,134.70322753775218,137.135883486619,137.135883486619,1.1608539918240062,1.2614001400807002,0.9202900381101593,0.8979029947836669,1
AJ9_20240808_152135.jpg,153.738596947624,122.37742802636143,112.50169094693028,134.5695456122095,138.42590183836282,137.92089403399237,137.92089403399237,1.2562659484741017,1.3665447540126432,0.9193009841928955,1.024904203857062,1
AJ9_20240808_152136.jpg,149.97920316904091,118.65980422030928,108.15704273634493,130.90247200426603,138.5140359564257,138.40277671973794,138.40277671973794,1.263942772285717,1.386679942312829,0.9114884567317093,1.05729688326994,1
normal1.jpeg,169.87420936678274,154.88465638547368,147.58744936394,162.69390945917135,132.0711392225144,133.61850614739535,133.61850614739535,1.0967788045267994,1.1510071415143035,0.9528861790140225,0.8212876915324216,0
normal10.jpeg,174.08058024987986,153.4887073522345,145.75555622296972,162.91761773185968,134.21825444497838,134.74870855358,134.74870855358,1.1341588714812165,1.194332371036666,0.9496174525651859,0.8270972139321415,0
normal11.jpeg,168.87131185557814,146.76160405294516,137.1438866887866,156.65368011702165,134.58118377394842,136.01855221377858,136.01855221377858,1.150650483787342,1.2313440628049637,0.9344670674548095,0.8682754930742518,0
normal12.jpeg,177.3937152117241,161.07591770591137,149.50352286338335,169.61942506869585,131.96758965687312,136.01768477418446,136.01768477418446,1.1013050034847567,1.1865520666511304,0.9281556427832232,0.8018992159488697,0
normal13.jpeg,178.4106342447333,161.2337516808606,145.54857687135814,169.08844128193635,131.59424025100853,138.22170551322276,138.22170551322276,1.1065340307365539,1.2257806764860322,0.9027177898628395,0.8174521194225285,0
normal14.jpeg,179.05634822721666,158.47039103148634,143.4053263959663,167.43517674194067,133.0414901035241,138.4173684492839,138.4173684492839,1.129904116042321,1.2486031828706883,0.9049345089489855,0.826692277668314,0
normal15.jpeg,173.34719646558307,153.11797752808988,134.61345041998473,161.701238136795,132.42642085742338,140.20609250572707,140.20609250572707,1.1321152364467906,1.2877405239744706,0.8791485605675597,0.8670687575072717,0
normal16.jpeg,173.6585875600474,156.25865618566348,142.27706032815522,164.31184103811842,132.01846652941543,137.47080291970804,137.47080291970804,1.1113533847517305,1.2205663087144611,0.9105227376880911,0.8366457415030161,0
normal17.jpeg,174.94880483799494,149.6324844250971,126.49180199671558,159.2388760003128,133.79868623413185,143.31303599822746,143.31303599822746,1.1691899946791346,1.3830841263487845,0.8453498692971637,0.8999877335102403,0
normal18.jpeg,175.5128604832424,154.01914783060536,137.4908807482463,163.19880488438557,133.2505585866459,139.37718888022863,139.37718888022863,1.1395522038384749,1.2765418204577126,0.8926869275161537,0.8540331415106505,0
normal19.jpeg,169.00037623105013,139.27267898638928,124.91025782892552,150.50432665707646,137.10897421710746,139.80006639371473,139.80006639371473,1.2134495885881282,1.352974349869129,0.8968755239084409,0.9288773855875337,0
normal2.jpeg,166.08200911798033,149.571929269771,133.67791920309907,157.04071468100244,131.39739636861938,138.33596858776716,138.33596858776716,1.1103822008476552,1.2424041970854214,0.8937366721282184,0.8808923723244466,0
normal20.jpeg,181.04327656717328,152.37828846975523,141.80330220350362,164.0801135323201,136.88472807178172,137.47631691387414,137.47631691387414,1.1881172652427472,1.2767211516036119,0.9306004332831772,0.837860927302037,0
normal21.jpeg,181.3181932036403,149.70721660961286,134.60716373048342,162.08783501711613,137.400879463416,140.1792045865687,140.1792045865687,1.2111519811720666,1.347017401092162,0.8991360996468093,0.8648348206201363,0
normal22.jpeg,188.97010428736965,167.37245489157425,155.93269326270484,176.96712464823705,133.94937924184737,136.7373282569111,136.7373282569111,1.1290394424862034,1.211869679933867,0.9316508647260323,0.7726707870517604,0
normal23.jpeg,185.88967058978236,173.15260700900782,163.5838319416135,180.68321388651455,130.95611151292,134.5026628969689,134.5026628969689,1.0735597501373582,1.1363572258154035,0.9447379038790076,0.744411499327421,0
normal24.jpeg,177.9530365448505,155.44552823920264,140.44608637873753,164.92196677740864,133.84664451827243,138.73145514950167,138.73145514950167,1.144793532601461,1.2670558494446975,0.9035067593524438,0.8411945177415315,0
normal25.jpeg,187.3072305511146,165.3925070133631,145.3966999487195,174.1911857862508,132.8617236282465,141.15052336279447,141.15052336279447,1.1325013013042942,1.2882495223683013,0.8791008836807287,0.8103195458217965,0
normal26.jpeg,173.56947277866536,151.07091065503258,134.9765269755438,160.77306132481257,133.872311662775,139.51114661423128,139.51114661423128,1.1489271553150338,1.2859233778047259,0.8934647014228657,0.8677520014663559,0
normal27.jpeg,175.58152251710612,157.2467290789888,140.00183228835638,165.42603567236395,131.8644106616279,139.15396948094707,139.15396948094707,1.1165988789013757,1.2541373094412815,0.8903322327785773,0.8411854160330864,0
normal28.jpeg,167.46615408755687,149.11925309901144,135.95452691040327,157.70817511376117,132.52126157225797,137.22899733249648,137.22899733249648,1.1230350842310648,1.2317806303437013,0.9117167848769743,0.8701451041670012,0
normal29.jpeg,171.8640700129748,148.25995369781464,136.59055638944716,158.24397689978883,134.79632126593228,137.26794209682754,137.26794209682754,1.1592076253042864,1.2582426874718415,0.9212909626732843,0.867444966428708,0
normal3.jpeg,157.69359911201553,147.29673480714087,137.55859772453982,154.47391545647952,130.06511886041994,134.37605216908705,134.37605216908705,1.070584478657338,1.1463739858807076,0.9338876178807424,0.8698947709204051,0
normal30.jpeg,158.07591003255402,136.44324187206698,123.17642582336279,145.87984610831606,133.98606942036952,137.97824800236756,137.97824800236756,1.1585470024394717,1.2833292384689623,0.9027667712270404,0.9458348821816248,0
normal31.jpeg,172.1392684796825,140.02642853921435,120.7521535200469,151.88625806160647,137.16743336490327,142.57657962386688,142.57657962386688,1.2293341267512286,1.425558567993124,0.8623525852755555,0.938706243110751,0
normal32.jpeg,162.89140549107827,139.72506263101386,126.91019479523493,149.42159619612454,134.58837363873408,137.91208650749016,137.91208650749016,1.1657994726074494,1.2835170923059465,0.9082851100385222,0.9229729108468337,0
normal33.png.jpg,176.8498038015195,157.22199649347397,145.51045000417443,165.95511090084324,133.17563242701695,136.54654495867308,136.54654495867308,1.1248413493083895,1.2153752708556034,0.9255094854663346,0.8227920393332534,0
normal34.png.jpg,147.1238193434353,114.44876917128497,87.37085044096257,125.53543350579051,137.61764218511223,147.42798225102646,147.42798225102646,1.2854993472035443,1.683900487599671,0.7634057605879263,1.1743933721297324,0
normal35.png.jpg,183.8753227912375,163.13222109386334,151.64410271289714,172.4796750326418,133.66258523139416,136.61366603800957,136.61366603800957,1.127155140971714,1.2125451520315138,0.9295778649152702,0.7920566015682649,0
normal36.png.jpg,163.25647074029794,127.87481823763208,96.65211490612984,139.504378453485,137.1685785374996,149.31143568035674,149.31143568035674,1.2766897479394712,1.6891142962545733,0.7558338340758041,1.0702992713582995,0
normal37.png.jpg,155.486592138822,124.27151812742831,92.74223535861559,134.24165137177317,135.76928944294806,148.86136867446905,148.86136867446905,1.2511844486216162,1.6765456413794746,0.7462871300665238,1.1089059620795456,0
normal38.png.jpg,162.03852009426683,126.39379340549334,93.78224780495944,138.25775302926024,137.42173976516716,150.33756699826898,150.33756699826898,1.282013257505499,1.7278165341424168,0.7419845906681908,1.087371685254284,0
normal39.png.jpg,161.1528465649978,127.95662727406463,95.22448879517482,139.0061050360418,136.41283773843966,149.90447702643064,149.90447702643064,1.2594333622157632,1.6923466527532256,0.7441934824292002,1.0784021026210395,0
normal4.jpeg,153.64229102167184,140.32826625386997,132.44331269349846,148.57730650154798,131.569133126935,133.91318885448916,133.91318885448916,1.0948777037467103,1.1600607591050784,0.9438106468876529,0.9013031068226484,0
normal40.png.jpg,166.45309114727667,128.9011437496851,96.5273844913589,141.507457046405,138.0622260291228,150.45951529198368,150.45951529198368,1.2913236067105083,1.7244131320865155,0.7488481555288493,1.0632620878727326,0
normal41.png.jpg,155.05289178532757,122.85793376779914,97.34149829414288,133.90835359251466,136.8643077488815,146.16390528917853,146.16390528917853,1.2620502866044163,1.5928755249268822,0.7923094139431679,1.0915219273207988,0
normal42.png.jpg,149.29945920838725,121.19169901463124,98.30118443316412,130.5387014365814,135.55101025181645,144.05129225971268,144.05129225971268,1.2319280874050171,1.5187961218422672,0.8111214251577988,1.1035140503996967,0
normal43.png.jpg,153.3176384928099,123.99584369880469,95.94684788544384,133.28390267580852,135.20705661064255,146.5795764820096,146.5795764820096,1.2364740033444674,1.5979434475838197,0.7737908324146346,1.099754527287411,0
normal44.png.jpg,152.13966733544754,121.97446767199534,93.71435505792505,131.4587081742282,135.65620348197527,146.88644747912755,146.88644747912755,1.2473074815728054,1.6234403535933137,0.7683112382308032,1.1173580541130392,0
normal45.png.jpg,162.38943519633003,124.49281220902505,97.09642767924056,137.4599504916767,138.86051370562987,148.0542774737129,148.0542774737129,1.3044081100784193,1.6724552839403173,0.7799360073598337,1.0770720916679335,0
normal46.png.jpg,181.12386933918322,144.07410523785197,108.14430387354629,155.90972743937255,137.07110015926918,151.76455209303722,151.76455209303722,1.2571576813405025,1.6748350229905524,0.7506158233250522,0.973412971802159,0
normal47.png.jpg,176.58233355306527,134.36406064601186,95.63791694133158,148.0774159525379,139.1870797626895,154.35095583388267,154.35095583388267,1.3142080656826178,1.8463632140276045,0.711781973317344,1.0423666147779682,0
normal48.png.jpg,169.8594146609988,133.0725710266369,102.43606838129607,145.20352304351815,137.76699593259733,149.2093336187651,149.2093336187651,1.276441960008095,1.6581992621049715,0.7697759712707111,1.0275875506578367,0
normal49.png.jpg,164.97355973046544,127.01057610781382,98.80623856486233,139.41931813110804,138.5926413494578,148.21781427105182,148.21781427105182,1.2988962296457127,1.669667426439875,0.7779370885071246,1.0631081488188148,0
normal5.jpeg,172.502088490099,150.6733833539604,143.82901454207922,160.9893254950495,135.01655321782178,134.59684405940595,134.59684405940595,1.1448743202373344,1.199355275011467,0.9545747920827049,0.8360606692987492,0
normal50.png.jpeg,156.6896697226591,137.1659442249415,132.92976332041889,146.9782116690322,134.3785722505658,132.80766427557634,132.80766427557634,1.142336528689393,1.1787402958525408,0.9691163728899647,0.9035874219986243,0
normal51.png.jpeg,159.3211275687695,136.84786429006923,130.82734999820678,147.413943980203,135.18247677796506,134.1797511028225,134.1797511028225,1.1642207734191898,1.21779678601727,0.9560057785402712,0.9102242743781277,0
normal6.jpeg,170.18004895469684,151.23959712692107,141.40829019702258,159.71333413586936,133.16981662052083,135.50547730829422,135.50547730829422,1.1252347339079865,1.2034658471163258,0.9349951464321665,0.8484293261612668,0
normal7.jpeg,175.32710451254297,154.23184377971185,143.6339866890953,163.4190375191984,133.86414832150953,136.21780150661888,136.21780150661888,1.1367762913227246,1.220651931575202,0.9312861873256241,0.833549155232706,0
normal8.jpeg,172.68874226578328,155.7570223950063,136.8276296336856,163.25442150796692,131.04380441329465,139.86103049882274,139.86103049882274,1.1087059735844942,1.262089692454771,0.8784684417516445,0.856705921654266,0
normal9.jpeg,167.12372020320439,157.90222743259085,143.50808909730364,164.57280187573272,128.86807346619773,136.52407190308713,136.52407190308713,1.058400010323795,1.1645595735396417,0.9088414427195236,0.8295664260283341,0
